1347705,Noti7
852390,Noticias Mix
652239,AFmedios Noticias de Colima
637506,Noticiero Mundial News
632995,Noticias Reales TV
624684,Reality Noticias y mas
420675,NOTICIAS EN ESPAÃ‘OL
307765,DCNoticias
219617,Noticias Youtube con Regina Blue y Ax Mode O
195128,Parecen Noticias Extra
174373,NUEVO AMANECER noticias hoy
166672,NotimexTV
163961,A la Yugular Noticias
149008,Chivas es mi Pasion - Fichajes Chivas y noticias
139253,TV PerÃº Noticias
137836,Noticias Del RAP
131319,Noticias De Hoy
127655,Futbol Noticias
117765,La Neta Noticias Mx
100234,EuroGol Noticias
93683,Canal 44 Noticias
93200,Noticias Caracol
89669,Noticias Francas TV
82330,ULTIMAS NOTICIAS HOY 2018
74613,NOTICIAS HOY ULTIMA HORA
67381,Notiarrebatamiento Cristo Viene Pronto
66941,Noti-blogs Expess
65956,Noticias Claras america
65956,Videos Virales Noticias
61208,Noticias 24h
60294,Notiviral Noticias y Entretenimiento
59503,NOTICIAS Chelmevision
57679,Noticieros Televisa
56489,Noticias del Clavel rojo
53305,Mexi Noticias
52500,Noticias Lutteo
46991,Imagen Noticias
45507,T13 Noticias Guatemala
43849,Noticias Mundiales 2017
43135,Noticias de 5 Minutos
42324,TelevisiÃ³n PÃºblica Noticias
42156,El Golfo - Noticias Diarias
37601,Aristegui Noticias
37078,Noticias de hoy
36827,Noticias Telemundo
35055,"Realitys, Noticias"
33363,Latina Noticias
33265,Noticias Populares
30081,noticias de ultima hora
29523,DE MOMENTO NOTICIAS
28098,EXPRESS NOTICIAS
27831,NOTICIAS DE ESPANA
27634,Videos Virales Noticias ALEX
27302,Noticias asombrosas
26130,Noticias de Ultima Hora
24882,MVSNoticias
24334,NOTICIAS TIEMPO FINAL
23665,Noticias Pepe En Vivo
21677,Noticias YouTube. TV
21485,RED MÃS Noticias
21421,noticias loquenderas
21396,Noticias del apocalipsis
20583,NotiPlayer NP
20527,EnigmAnÃ³nimo Noticias
19692,NoticiasUnoColombia
19329,De Series y Cine -Trailers y noticias en espaÃ±ol
18098,Noticias de Hoy TV
16928,Teleocho Noticias
16418,24H Noticias de hoy
15967,NOTIMUNDO FX
15630,MX PolÃ­tico Noticias
15589,Extranotix Misterio
15435,Noticias del FERRAS TV Internacional
15198,ABC Noticias
14629,Noticias al Momento
14347,NOTITUBE DEPORTES
13835,Teleglobo Noticias
13215,Ahora Noticias
13165,Youtubers Noticias
13091,MUNDO NOTICIAS
13036,Univision Noticias
12154,Comandante Aguila - America - Noticias y mas
11940,MiscelÃ¡nea Noticias
11391,Todo Noticias
11062,TelefeNoticias
10354,Noticias Virales el Chido
10120,STR Noticias
10035,CNCO Noticias
9847,La Caja Noticias
9708,MX Noticias Mmp
9624,Nex Noticias
9505,Efekto TV Noticias
9192,NoticiasVitalicium
9095,CM& la noticia
8332,El Nuevo Diario â€¢ Noticias â€¢ Nicaragua
8246,La Cruda Noticias
8169,Kpop Noticias
7883,Noticias Calientes
7403,NOTICIAS VIRALES LOS VIDEOS MAS VISTOS
7028,NOTISuar
6703,Ultimas Noticias
6254,Noticias MÃ©xico TV
5497,24 Noticias - JUCA
5245,Noticel MÃ©xico
5237,Noticiero Altavoz
4861,Noticias FÃºtbol MX
4826,Quadratin Noticias TV
4758,SHOWBIZ NOTICIAS
4663,Noticias De Ultimo Momento 24H
4604,AE Noticias
4468,OvniNoticias Primero
4418,Noti Reality Show
4233,notiguiatv
3636,NOTI CIAS CEM
3407,Noticiero El vigilante
3167,ELDEBATE NOTICIAS
2740,RH Noticias
2730,ExprÃ©s Noticias
1982,Noticias Canal 10
1448,NOTI TENDENCIAS
